task,answer
"Найти скалярное произведение векторов \textbf{a} и \textbf{b}, если: $ |\textbf{a}| =6,~ |\textbf{b}| = 7, \angle(\textbf{a},\textbf{b}) = 120^{\circ}.$ Ответ сократи (используя правила математического округления) до трех знаков после точки",[-21.000]
Найти $ \displaystyle \lim_{x \rightarrow 0} (\cos x/\cos(2x))^{1/x^2}.$ Ответ сократи (используя правила математического округления) до трех знаков после точки,[4.482]
Найти $ \displaystyle \lim_{x \rightarrow +\infty} x(\ln(1+x/2)-\ln(x/2)).$Ответ сократи (используя правила математического округления) до трех знаков после точки,[2.000]
"Два радиста пытаются принять сигнал передатчика. Первый из них сможет это сделать с вероятностью 60$\%$, а второй – с вероятностью 80$\%$, независимо друг от друга. Найти вероятность, что хотя бы одному из них удастся принять сигнал. Ответ сократи (используя правила математического округления) до двух знаков после точки",[0.92]
Найти столбец $ \textbf{x} $ из уравнения $ \begin{pmatrix} -1 \\ 6 \end{pmatrix} + \begin{pmatrix} 3 \\ 2 \end{pmatrix} - 2\textbf{x} = \begin{pmatrix} 2 \\ -2 \end{pmatrix}.$,[0;5]
Вычислить произведение матриц $ \begin{pmatrix} 0 & 1 & 0 & 0 \end{pmatrix} \cdot \begin{pmatrix} 1 & 4 & 3 \\ 0 & 3 & 2 \\ 0 & 1 & 0 \\ 0 & 2 & 1 \end{pmatrix}.$ \\Ответ в формате $ a_{11}; a_{12}; \dots; a_{1n}; a_{21}; a_{22}; \dots; a_{mn}.$,[0;3;2]
"Вычисли $ \displaystyle \int_{0}^{1} x/(x^2+x+1) \, dx.$ Ответ сократи (используя правила математического округления) до трех знаков после точки",[0.247]
"Партия из 100 деталей подвергается выборочному контролю. Условием непригодности всей партии является наличие хотя бы одной бракованной детали среди пяти проверенных. Какова вероятность для данной партии быть принятой, если она содержит 5$\%$ неисправных деталей. Ответ сократи (используя правила математического округления) до двух знаков после точки",[0.77]
"Два стрелка независимо друг от друга стреляют по одной мишени, делая по одному выстрелу. Вероятность попадания в мишень для первого стрелка составляет 70$\%$, а для второго 60$\%$. После стрельбы в мишени обнаружена одна пробоина. Найти вероятность, что попал первый стрелок. Ответ представь в виде несокращаемой простой дроби",[14/23]
Найти $ \displaystyle \lim_{x \rightarrow \infty} (\sqrt{x^2-1}-\sqrt{x^2+1}).$Ответ сократи (используя правила математического округления) до трех знаков после точки,[0.000]
"Вычисли $ \displaystyle \int_{0}^{2} |1-x| \, dx.$ Ответ сократи (используя правила математического округления) до трех знаков после точки",[1.000]
"В город поступило 3000л молока с первого завода и 3500 – со второго завода. Известно, что средний процент непригодного молока среди продукции первого завода равен 1,5$\%$, второго – 1$\%$. Найти вероятность того, что купленный литр молока в этом городе окажется непригодным.  Ответ сократи (используя правила математического округления) до трех знаков после точки",[0.012]
"За прямоугольный стол, у которого стоит по 4 стула слева и справа, в случайном порядке садятся 4 мальчика и 4 девочки. Какова вероятность того, что все мальчики окажутся с одной стороны? Ответ представь в виде несокращаемой простой дроби",[1/35]
"Вычисли площадь области, состоящей из пересечения множеств: $ y \leq 5x-x^2, ~y\geq x.$ Ответ представь в виде несокращаемой простой дроби",[32/3]
"Кубик бросается 5 раз. Найти вероятность, что шестерка выпадет 2 раза. Ответ представь в виде несокращаемой простой дроби",[625/3888]
"В ящике 4 белых и 5 черных шаров. Наугад вынимаются 3 шара. Найти вероятность, что они окажутся одинакового цвета. Ответ представь в виде несокращаемой простой дроби",[1/6]
"Вычисли $ \displaystyle \int_{1}^{2} 2x^2 \, dx.$ Ответ представь в виде несокращаемой простой дроби",[14/3]
"Наугад взяты два положительных числа, каждое из которых не больше 3. Какова вероятность того, что их сумма не превзойдет 3, а произведение будет не больше 14/9? Ответ сократи (используя правила математического округления) до четырех знаков после точки",[0.4387]
"Найти площадь фигуры, ограниченной кривыми, заданными в прямоугольных координатах (все параметры считать положительными): $ y = 2x-x^2,~ x+y=0.$ Ответ представь в виде несокращаемой простой дроби",[9/2]
"Вычисли $ \displaystyle \int_{1/e}^{e} |\ln x| \, dx.$ Ответ сократи (используя правила математического округления) до трех знаков после точки",[1.264]
Найти ранг матрицы $ \begin{pmatrix} 1 & -1 \\ 2 & -2 \end{pmatrix}.$,[1]
Найти $ \displaystyle \lim_{x \rightarrow 3} (\sin x/ \sin 3)^{1/(x-3)}.$ Ответ сократи (используя правила математического округления) до целого числа,[0]
"Студент знает ответы на 25 экзаменационных вопросов из 60-ти. Какова вероятность сдать экзамен, если для этого необходимо ответить не менее чем на 2 из 3-х вопросов? Ответ представь в виде несокращаемой простой дроби",[640/1711]
"Найти площадь поверхности, образованной вращением следующей кривой: $ y = \operatorname{tg}x ~ (0\leq x \leq \pi/4) $ вокруг оси $ Ox.$ Ответ сократи (используя правила математического округления) до трех знаков после точки",[3.839]
"Вычисли $ \displaystyle \int_{1/\sqrt{3}}^{\sqrt{3}} 1/(1+x^2) \, dx.$ Ответ сократи (используя правила математического округления) до трех знаков после точки",[0.524]
"Вычисли $ \displaystyle \int_{1}^{4} x/\sqrt{2+4x} \, dx.$ Ответ сократи (используя правила математического округления) до трех знаков после точки",[2.121]
"Найти площадь фигуры, ограниченной кривыми, заданными в прямоугольных координатах (все параметры считать положительными): $ y = (x+1)^2~, x = sin(\pi y),~ y = 0 ~(0 \leq y \leq 1).$ Ответ сократи (используя правила математического округления) до целого числа",[1]
"Вычисли $ \displaystyle \int_{0}^{\ln 2} xe^{-x} \, dx.$ Ответ сократи (используя правила математического округления) до трех знаков после точки",[0.153]
Найти ранг матрицы $ \begin{pmatrix} 1 & 1 & 1 \\ 2 & 2 & 3 \\ 3 & 3 & 4 \end{pmatrix}.$,[2]
Вычислить собственные значения матрицы $ \begin{pmatrix} 0 & 0 & 0\\ 0 & -1 & 1 \\ 0 & 0 & -1 \end{pmatrix}.$,[0;-1;-1]
Найти $ \displaystyle \lim_{x \rightarrow 0} \sin^2(3x)/(\sqrt{1-3x^2}-1).$Ответ сократи (используя правила математического округления) до трех знаков после точки,[-6.000]
Найти $ \displaystyle \lim_{n \rightarrow \infty} \sqrt{n^2+n}-\sqrt{n^2-n}.$Ответ сократи (используя правила математического округления) до трех знаков после точки,[1.000]
"Вычисли $ \displaystyle \int_{0}^{2} (x - 1)^{25} \, dx.$ Ответ сократи (используя правила математического округления) до трех знаков после точки",[0.000]
"Вычисли $ \displaystyle \int_{1}^{\sqrt{3}} \operatorname{arctg}(1/x) \, dx.$ Ответ сократи (используя правила математического округления) до трех знаков после точки",[0.468]
"Какова вероятность, что взятое наудачу четырехзначное число кратно 5? Ответ сократи (используя правила математического округления) до трех знаков после точки",[0.200]
"Векторы $ \textbf{a}, \textbf{b}, \textbf{c} $ некомпланарны. При каких значениях скаляра $ \lambda $ компланарны векторы $ \textbf{a}+2\textbf{b}+\lambda\textbf{c},~ 4\textbf{a}+5\textbf{b}+6\textbf{c},~ 7\textbf{a}+8\textbf{b}+\lambda^2\textbf{c}?$ Ответ сократи (используя правила математического округления) до трех знаков после точки",[-4.000;3.000]
"Найти скалярное произведение векторов, если заданы их координаты в некотором базисе и матрица Грама $ \Gamma $ этого базиса: $ \begin{pmatrix} 1 & 1 & 1 \end{pmatrix}^T,~ \begin{pmatrix} 1 & 3 & 1 \end{pmatrix}^T,~ $\\ $\Gamma = \begin{pmatrix} 1 & -2 & 1 \\ -2 & 5 & -4 \\ 1 & -4 & 6 \end{pmatrix}.$",[0]
"Найти угол между векторами, заданными их координатами: $ \begin{pmatrix} 1 & 1 & 1 & 1 \end{pmatrix}, \begin{pmatrix} 0 & 2 & 0 & 2 \end{pmatrix};$ базис ортонормированный. Ответ представь в радианах и сократи (используя правила математического округления) до трех знаков после точки",[0.785]
"Игральный кубик бросается 6 раз. Найти вероятность, что выпадет хотя бы одна шестерка. Ответ сократи (используя правила математического округления) до четырех знаков после точки",[0.6651]
Вычисли $ \displaystyle \int_0^1 x(2-x^2)^{12} dx.$ Ответ представь в виде несокращаемой простой дроби,[8191/26]
"Рассмотрим область $A$, ограниченную на отрезке $x \in [0; \, \pi]$ кривыми \begin{align*} y = \sin(x), \ \ y = 0. \end{align*} Найди объем тела, полученного вращением области $A$ вокруг оси $OX$. Ответ сократи (используя правила математического округления) до трех знаков после точки",[4.935]
"Время $ Т $ обнаружения цели радиолокатором распределено по показа- тельному закону. Найти вероятность того, что цель будет обнаружена за время от 5 до 15 с после начала поиска, если среднее время обнаружения цели равно 10 с. Ответ сократи (используя правила математического округления) до трех знаков после точки",[0.383]
Найти $ \displaystyle \lim_{x \rightarrow 0} (x^7+5x^6+4x^3)/(x^7+2x^3).$Ответ сократи (используя правила математического округления) до трех знаков после точки,[2.000]
Найти $ \displaystyle \lim_{n \rightarrow \infty} \sqrt[3n]{n}.$Ответ сократи (используя правила математического округления) до трех знаков после точки,[1.000]
Найти матрицу $ X $ из уравнения $X \begin{pmatrix} 2 & 5 \\ 1 & 3 \end{pmatrix} = \begin{pmatrix} 2 & 1 \\ 1 & 1 \end{pmatrix}.$ \\Ответ в формате $ a_{11}; a_{12}; \dots; a_{1n}; a_{21}; a_{22}; \dots; a_{mn}.$,[5;-8;2;-3]
"Автомат изготавливает шарики. Шарик считается годным, если отклонение Х диаметра шарика от проектного размера по абсолютной величине меньше 0,7 мм. Считая, что случайная величина распределена нормально с параметром σ = 0,4 мм, определить сколько в среднем будет годных шариков среди 100 изготовленных. Ответ сократи (используя правила математического округления) до двух знаков после точки",[91.99]
Найти $ \displaystyle \lim_{x \rightarrow 0} (\sin2x+2\operatorname{arctg}3x + 3x^2)/(\ln(1+3x+\sin^2x)+xe^x).$Ответ сократи (используя правила математического округления) до трех знаков после точки,[2.000]
Найти $ \displaystyle \lim_{n \rightarrow \infty} \sqrt[3]{n^3+2n^2}-n.$ Ответ представь в виде несокращаемой простой дроби,[2/3]
"Точку наудачу бросили на отрезок $[0; 2]$ . Какова вероятность ее попадания в отрезок $[0,5; 1,4]?$ Ответ сократи (используя правила математического округления) до двух знаков после точки",[0.45]
"Найти объем тела, ограниченного следующими поверхностями: $ x+y+z^2=1,~ x =0,~y=0,~z=0.$ Ответ представь в виде несокращаемой простой дроби",[4/15]
Вычислить произведение матриц $ \begin{pmatrix} 1 & 0 \end{pmatrix} \cdot \begin{pmatrix} 1 & 1 \\ 1 &1 \end{pmatrix}. $ \\Ответ в формате $ a_{11}; a_{12}; \dots; a_{1n}; a_{21}; a_{22}; \dots; a_{mn}.$,[1;1]
"В двух коробках однотипные конденсаторы. В первой – 20 штук, из них 3 неисправных; во второй – 40 штук, из них 2 неисправных. Наугад была выбрана коробка, а затем из нее наугад был выбран конденсатор. Он оказался неисправным. Найти вероятность того, что он был взят из первой коробки. Ответ сократи (используя правила математического округления) до двух знаков после точки",[0.75]
Найти $ \displaystyle \lim_{x \rightarrow 4} (e^{4-x}-1)/(\sqrt{2x-7}-1).$Ответ сократи (используя правила математического округления) до трех знаков после точки,[-1.000]
Найти ранг матрицы $ \begin{pmatrix} 0 & 0 \\ 0 & 2 \end{pmatrix}.$,[1]
"Вычислить $ f(A), $ если $ f(t)=t^2-2t+1,~ A = \begin{pmatrix} 1 & 1 \\ 0 & 1 \end{pmatrix}.$ \\Ответ в формате $ a_{11}; a_{12}; \dots; a_{1n}; a_{21}; a_{22}; \dots; a_{mn}.$",[0;0;0;0]
"Вычисли $ \displaystyle \int_{0}^{\pi} t \sin (3t) \, dt.$ Ответ сократи (используя правила математического округления) до трех знаков после точки",[1.047]
"Фокусник предлагает троим зрителям задумать любое число от 1 до 10. Считая, что выбор каждым из зрителей любого числа из заданных равно- возможен, найти вероятность того, что у кого-то из них задуманные числа совпадут. Ответ сократи (используя правила математического округления) до трех знаков после точки",[0.280]
"Найти угол между векторами \textbf{a} и \textbf{b}, заданными своими координатами: $\textbf{a}(2,-1),~ \textbf{b}(-4,2).$ Ответ представь в градусах и сократи (используя правила математического округления) до трех знаков после точки",[180]
"Два радиста пытались принять сигнал передатчика. Первый из них может это сделать с вероятностью 60$\%$, а второй – с вероятностью 80$\%$, независимо друг от друга. Известно, что как минимум одному из радистов удалось принять сигнал. Найти вероятность, что это удалось обоим радистам. Ответ представь в виде несокращаемой простой дроби",[12/23]
"Найти скалярное произведение векторов \textbf{a} и \textbf{b}, если: $ |\textbf{a}| =4,~ |\textbf{b}| = 2, \angle(\textbf{a},\textbf{b}) = 90^{\circ}.$ Ответ сократи (используя правила математического округления) до трех знаков после точки",[0.000]
"При передаче текста 10$\%$ букв искажается и принимается неверно. Какова вероятность того, что все 5 букв данного сообщения будут приняты правильно? Ответ сократи (используя правила математического округления) до двух знаков после точки",[0.59]
"Найти угол между векторами \textbf{a} и \textbf{b}, заданными своими координатами: $\textbf{a}(1,2),~ \textbf{b}(2,4).$ Ответ сократи (используя правила математического округления) до трех знаков после точки",[0.000]
Найти $ \displaystyle \lim_{x \rightarrow +\infty} (2x^2-3x-5)/(1+x+3x^2).$ Ответ представь в виде несокращаемой простой дроби,[2/3]
Найти $ \displaystyle \lim_{x \rightarrow 1} (\sqrt[5]x.-1)/(e^{x-1}-1)$. Ответ представь в виде несокращаемой простой дроби,[1/5]
Найти $ \displaystyle \lim_{x \rightarrow -2} (x^2+x-2)/(\sqrt{x+6}-2).$Ответ сократи (используя правила математического округления) до трех знаков после точки,[-12.000]
Вычислить $ \begin{pmatrix} 2 & -1 & 0 \\ 0 & 2 & -1 \\ -1 & -1 & 1 \end{pmatrix}^{-1}.$ \\Ответ в формате $ a_{11}; a_{12}; \dots; a_{1n}; a_{21}; a_{22}; \dots; a_{mn}.$,[1;1;1;1;2;2;2;3;4]
Найти $ \displaystyle \lim_{x \rightarrow 1} 3/(1-x^3) + 1/(x-1).$Ответ сократи (используя правила математического округления) до трех знаков после точки,[1.000]
"Найти вероятность 4 точных из 7 независимых измерений, если вероятность точного измерения равна 0,3. Ответ сократи (используя правила математического округления) до трех знаков после точки",[0.097]
"Найти объем тела, ограниченного поверхностями, полученными при вращении отрезков следующих линий: $ y =\sin x,~y=0~ (0\leq x \leq \pi) $ вокруг оси $ Oy.$ Ответ сократи (используя правила математического округления) до трех знаков после точки",[19.739]
"Найти скалярное произведение векторов, если заданы их координаты в некотором базисе и матрица Грама $ \Gamma $ этого базиса: $ \begin{pmatrix} -1 & -1 & 1 \end{pmatrix}^T,~ \begin{pmatrix} 0 & 1 & 3 \end{pmatrix}^T,~$ \\ $\Gamma = \begin{pmatrix} 1 & 2 & 3 \\ 2 & 5 & 8 \\ 3 & 8 & 14 \end{pmatrix}.$",[10]
Найти $ \displaystyle \lim_{x \rightarrow 0} (e^x-1-x)/x^2.$ Ответ представь в виде несокращаемой простой дроби,[1/2]
Найти ранг матрицы $ \begin{pmatrix} 1 & 1 \\ 1 & 1 \\ 2 & 2 \end{pmatrix}.$,[1]
"Радист пытается принять сигналы от трех передатчиков. Сигнал первого передатчика он может принять с вероятностью 50$\%$, второго – 40$\%$ и третьего – 30$\%$. Найти вероятность, что ему удастся принять сигналы ото всех передатчиков. Ответ сократи (используя правила математического округления) до двух знаков после точки",[0.06]
Найти $ \displaystyle \lim_{x \rightarrow 1} (x^4-2x+1)/(x^8-2x+1).$ Ответ представь в виде несокращаемой простой дроби,[1/3]
Вычислить $ \begin{pmatrix} 3 & 5 \\ 5 & 9 \end{pmatrix}^{-1}.$ \\Ответ в формате $ a_{11}; a_{12}; \dots; a_{1n}; a_{21}; a_{22}; \dots; a_{mn}.$ Ответ представь в виде несокращаемой простой дроби,[9/2;-5/2;-5/2;3/2]
Вычислить определитель матрицы $ \begin{pmatrix} 0 & 0 & 0 & -1 \\ 0 & 0 & -1 & 0 \\ 0 & 1 & 0 & 0 \\ 1 & 0 & 0 & 0 \end{pmatrix}.$,[1]
Найти $ \displaystyle \lim_{n \rightarrow \infty} \sqrt[2n]{n^2-1}.$Ответ сократи (используя правила математического округления) до трех знаков после точки,[1.000]
"В ящике 5 апельсинов и 4 яблока. Наугад выбираются 3 фрукта. Какова вероятность, что все три фрукта - апельсины? Ответ сократи (используя правила математического округления) до двух знаков после точки",[0.12]
"Найти расстояние между точками $ A $ и $ B$, заданными своими координатами: $ A(3,-2),~ B(3,3).$ Ответ сократи (используя правила математического округления) до трех знаков после точки",[5.000]
Вычислить определитель матрицы $ \begin{pmatrix} 0 & 0 & 1 \\ 0 & 1 & 0 \\ 1 & 0 & 0 \end{pmatrix}.$,[-1]
Найти целые корни уравнения: $ x^3 + 2x^2 +x + 2 = 0.$Ответ сократи (используя правила математического округления) до трех знаков после точки,[-2.000]
"Вычисли $ \displaystyle \int_{-2}^2 \left(1 + 3 \sqrt{4 - x^2} \right) \, dx. $ Ответ сократи (используя правила математического округления) до целого числа",[23]
Найти $ \displaystyle \lim_{x \rightarrow 0} (\sin3x)/x.$Ответ сократи (используя правила математического округления) до трех знаков после точки,[3.000]
"Бросается 10 монет. Найти вероятность, что число выпавших гербов будет равно шести. Ответ представь в виде несокращаемой простой дроби",[105/512]
"Два стрелка стреляют по очереди до первого попадания по мишени. Для Ивана вероятность попадания при одном выстреле равна 0,2, для Петра – 0,3. Найти вероятность того, что Иван сделает больше выстрелов, чем Петр (первый выстрел разыгрывается по жребию). Ответ сократи (используя правила математического округления) до двух знаков после точки",[0.23]
Найти длину дуги следующей кривой: $ y = x^{3/2}~ (0 \leq x \leq 4).$ Ответ сократи (используя правила математического округления) до трех знаков после точки,[9.073]
"Прибор содержит генератор и осциллограф. За время работы генератор может выйти из строя с вероятностью 30$\%$, а осциллограф – с вероятностью 20$\%$. Отказы осциллографа и генератора не связаны друг с другом. Найти вероятность, что прибор будет работать исправно. Ответ сократи (используя правила математического округления) до двух знаков после точки",[0.56]
Найти $ \displaystyle \lim_{x \rightarrow 2} (x^2+4x-5)/(x^2-1).$ Ответ представь в виде несокращаемой простой дроби,[7/3]
"Мимо пункта наблюдения пробегают ежи. Наблюдатель обнаруживает пробегающего ежа с вероятностью 0,1. Сколько ежей должно пробежать, чтобы с вероятностью 0,99 наблюдатель зафиксировал бы не менее 5 ежей?",[113]
"Вычисли $ \displaystyle \int_{0}^{2} (x - 1)^{25} \, dx.$ Ответ сократи (используя правила математического округления) до трех знаков после точки",[0.000]
Найти $ \displaystyle \lim_{n \rightarrow \infty} (1+1/n^2)^n.$Ответ сократи (используя правила математического округления) до трех знаков после точки,[1.000]
"На карточках написаны числа 201, 202, …, 220. Наудачу извлекают 2 из них. Определить вероятность, что это будут карточки с числами 207 и 213. Ответ представь в виде несокращаемой простой дроби",[1/190]
"Длины базисных векторов $ \textbf{e}_1, ~ \textbf{e}_2, ~ \textbf{e}_3 $ равны соответственно 1,1,2; углы между ними равны $ \angle(\textbf{e}_1, \textbf{e}_2) = 90^{\circ},~ \angle(\textbf{e}_1, \textbf{e}_3) = \angle(\textbf{e}_2, \textbf{e}_3) = 60^{\circ}. $ Вычислить площадь параллелограмма, построенного на векторах $ \textbf{a}(-1,0,2) $ и $ \textbf{b}(2,-1,1).$ Ответ сократи (используя правила математического округления) до трех знаков после точки",[9.695]
Найти $ \displaystyle \lim_{x \rightarrow -1} (2x^2-3x-5)/(x+1).$Ответ сократи (используя правила математического округления) до трех знаков после точки,[-7.000]
Найти $ \displaystyle \lim_{x \rightarrow 0} (e^{x^2+1}-e)/\ln(\cos 2x).$ Ответ сократи (используя правила математического округления) до трех знаков после точки,[-1.359]
"Минутная стрелка часов двигается скачкообразно в конце каждой минуты. Найти вероятность, что в данное мгновение часы покажут время, отличающееся от истинного не более, чем на 20 секунд. Ответ представь в виде несокращаемой простой дроби",[1/3]
"Два стрелка независимо друг от друга стреляют по одной мишени, делая по одному выстрелу. Вероятность попадания в мишень для первого стрелка 70$\%$, а для второго 50$\%$. Найти вероятность, что оба стрелка попадут в мишень. Ответ сократи (используя правила математического округления) до двух знаков после точки",[0.35]
Найти $ \displaystyle \lim_{x \rightarrow 0} ((\sqrt{(2+x)/(2-7x)}-1)/x.$Ответ сократи (используя правила математического округления) до трех знаков после точки,[2.000]
Найти $ \displaystyle \lim_{n \rightarrow \infty} (2n-5)^5.$ Ответ верни в формате LaTeX,[\infty]
Вычислить произведение матриц $ \begin{pmatrix} 1 & 1 \\ 0 & 1 \end{pmatrix}^{-1} \cdot \begin{pmatrix} 2& 5 \\ 1 & 3 \end{pmatrix}.$ \\Ответ в формате $ a_{11}; a_{12}; \dots; a_{1n}; a_{21}; a_{22}; \dots; a_{mn}.$,[1;2;1;3]
Найти $ \displaystyle \lim_{x \rightarrow 0} (x\sin(2x))/\ln(\cos 5x).$ Ответ представь в виде несокращаемой простой дроби,[-4/25]
Найти $ \displaystyle \lim_{x \rightarrow +\infty} (7x^3+15x^2+9x+1)/(5x^4+6x^2-3x-4).$Ответ сократи (используя правила математического округления) до трех знаков после точки,[0.000]
"Устройство состоит и 5 элементов, 2 из которых изношены. При включении устройства случайным образом включаются 2 элемента. Определить вероятность, что включенными окажутся неизношенные элементы. Ответ сократи (используя правила математического округления) до одного знака после точки",[0.3]
"В урне находится 15 белых, 5 красных и 10 черных шаров. Наугад извлекается 1 шар, найти вероятность того, что он будет красным? Ответ представь в виде несокращаемой простой дроби",[1/6]
"Точка $ A $ лежит на прямой $ 2x-3y+4=0. $ Расстояние от точки $ A $ до прямой $ 3y =4x $ равно 2. Найти координаты точки $ A. $ В ответе указать координаты $ (x_0 | y_0), $ полученной точки. Обрати внимание, что таких точек может быть несколько.",[(-3 | -0.667);(7 | 6)]
"В урне находится 15 белых, 5 красных и 10 черных шаров. Наугад извлекается 1 шар, найти вероятность того, что он будет белым? Ответ представь в виде несокращаемой простой дроби",[1/2]
Найти $ \displaystyle \lim_{x \rightarrow 0} \ln(\cos x)/\sin^2(2x).$ Ответ представь в виде несокращаемой простой дроби,[-1/8]
"Вычисли $ \displaystyle \int_{0}^{1} 1/((x+1)(x+2)) \, dx.$ Ответ сократи (используя правила математического округления) до трех знаков после точки",[0.288]
Вычислить определитель матрицы $ \begin{pmatrix} 1 + i\sqrt{2} & i-\sqrt{2} & 1 \\ 1 + i\sqrt{3} & i - \sqrt{3} & 1 \\ 1 + 2i & i - 2& 1 \end{pmatrix}$,[0]
"Набирая номер телефона, абонент забыл две последние цифры, но помнит, что одна из них – ноль, а другая – нечетная. Найти вероятность того, что он наберет правильный номер. Ответ сократи (используя правила математического округления) до трех знаков после точки",[0.100]
"За круглый стол в случайном порядке садятся 4 мальчика и 4 девочки. Какова вероятность того, что все мальчики будут сидеть рядом друг с другом? Ответ представь в виде несокращаемой простой дроби",[4/35]
Найти мнимую часть $ z = (2-i)^3(2+11i).$ Ответ сократи (используя правила математического округления) до трех знаков после точки,[0.000]
"Четыре мальчика и четыре девочки садятся на 8 расположенных подряд стульях, причем мальчики садятся на места с четными номерами, а девочки - на места с нечетными номерами. Сколькими способами это можно сделать?",[576]
"В урне имеется 20 белых шаров и 5 черных. Наудачу последовательно, без возвращения извлекают по одному шару до появления белого. Найти вероятность, что придется производить третье извлечение. Ответ представь в виде несокращаемой простой дроби",[2/69]
"Вычисли $ \displaystyle \int_{1}^{2}x \sqrt{x - 1} \, dx. $ Ответ представь в виде несокращаемой простой дроби",[16/15]
"Найти матрицу, эрмитово сопряженную данной: $ \begin{pmatrix} i & 1 \\ -1 & i \end{pmatrix}$ \\Ответ в формате $ a_{11}; a_{12}; \dots; a_{1n}; a_{21}; a_{22}; \dots; a_{mn}.$",[-i;-1;1;-i]
"Вычисли $ \displaystyle \int_{0}^{\pi} \sin x \, dx.$ Ответ сократи (используя правила математического округления) до трех знаков после точки",[2.000]
Найти $ \displaystyle \lim_{x \rightarrow \infty} (1+14x)/(2x+\sqrt[3]{x^2}).$Ответ сократи (используя правила математического округления) до трех знаков после точки,[7.000]
"В урне имеется 3 белых и 4 черных шара. Из урны вытягиваются 3 шара. Найти вероятность, что хотя бы один из них окажется белым. Ответ представь в виде несокращаемой простой дроби",[31/35]
Найти $ \displaystyle \lim_{x \rightarrow 1} (x^2-4)/(x^2-x-2).$ Ответ представь в виде несокращаемой простой дроби,[3/2]
Найти $ \displaystyle \lim_{x \rightarrow 1} (x^4-x^3+x^2-3x+2)/(x^3-x^2-x+1).$Ответ сократи (используя правила математического округления) до трех знаков после точки,[2.000]
"Найти расстояние от точки $ A(1, -2) $ до прямой, заданной уравнением $ x=7.$",[6.000]
"Числа 1, 2, 3, 4, 5 написаны на пяти карточках. Наугад последовательно выбираются три карточки, и вытянутые таким образом цифры ставятся слева направо. Найти вероятность того, что полученное при этом трехзначное число будет четным. Ответ сократи (используя правила математического округления) до трех знаков после точки",[0.400]
"Десять студентов условились ехать определенным электропоездом, но не договорились о вагоне. Какова вероятность того, что ни один из них не встретится с другим, если в составе электропоезда 10 вагонов. Предполагается, что все возможные распределения студентов по вагонам равновероятны. Ответ сократи (используя правила математического округления) до пяти знаков после точки",[0.00036]
Найти $ \displaystyle \lim_{n \rightarrow \infty} \sqrt[n]{n^3-3n+1}.$Ответ сократи (используя правила математического округления) до трех знаков после точки,[1.000]
Найти $ \displaystyle \lim_{n \rightarrow \infty} (1+1/n)^{\sqrt{n}}.$Ответ сократи (используя правила математического округления) до трех знаков после точки,[1.000]
"Два датчика посылают сигнал в общий канал связи, причем первый из них посылает вдвое больше сигналов, чем второй. Вероятность получить искаженный сигнал от первого датчика равна 0,06, от второго – 0,03. Какова вероятность получить неискаженный сигнал в общем канале связи? Ответ сократи (используя правила математического округления) до двух знаков после точки",[0.95]
"На семиместную скамейку случайным образом рассаживается 7 чело- век. Какова вероятность того, что два определенных человека окажутся рядом? Ответ представь в виде несокращаемой простой дроби",[2/7]
"Найти площадь фигуры, ограниченной кривыми, заданными в прямоугольных координатах (все параметры считать положительными): $ y = x^2,~ x+y=2.$ Ответ представь в виде несокращаемой простой дроби",[9/2]
Найти $ \displaystyle \lim_{x \rightarrow 7} (2x^2-11x-21)/(x^2-9x+14).$ Ответ представь в виде несокращаемой простой дроби,[17/5]
"Новому работнику предоставляются три попытки проявить свои способности. Вероятность того, что ему удастся это с первой попытки, равна 0,2, со второй – 0,3, с третьей – 0,4. Исходы попыток представляют независимые события. Найти вероятность того, что работник оправдает оказанное ему доверие. Ответ сократи (используя правила математического округления) до трех знаков после точки",[0.664]
Найти $ \displaystyle \lim_{x \rightarrow 0} \operatorname{tg}4x/\sin x.$Ответ сократи (используя правила математического округления) до трех знаков после точки,[4.000]
"Найти скалярное произведение векторов \textbf{a} и \textbf{b}, если: $ |\textbf{a}| =3,~ |\textbf{b}| = 1, \angle(\textbf{a},\textbf{b}) = 45^{\circ}.$ Ответ сократи (используя правила математического округления) до трех знаков после точки",[2.121]
"В урне имеется 20 белых шаров и 5 черных. Наудачу последователь- но, без возвращения извлекают по одному шару до появления белого. Найти вероятность, что придется производить третье извлечение. Ответ сократи (используя правила математического округления) до двух знаков после точки",[0.03]
Найти $ \displaystyle \lim_{x \rightarrow \infty} (x+1)^2(3-7x)^2/(2x-1)^4.$ Ответ представь в виде несокращаемой простой дроби,[49/16]
"Найти объем параллелепипеда, построенного на заданных векторах. Координатные столбцы векторов в ортонормированном базисе составляют матрицу: $ \begin{pmatrix} 1 & 1 & 1 \\ 1 & 1 & 1 \\ -1 & 1 & 1\\ 0 & -1 & 1 \end{pmatrix}.$ Ответ сократи (используя правила математического округления) до трех знаков после точки",[5.657]
Найти $ \displaystyle \lim_{n \rightarrow \infty} (n+1)/(\sqrt{n^2+2n}).$Ответ сократи (используя правила математического округления) до трех знаков после точки,[1.000]
"Длины базисных векторов $ \textbf{e}_1, ~ \textbf{e}_2, ~ \textbf{e}_3 $ в пространстве равны соответственно 1,1, $\sqrt{2}$, а углы между ними равны $ \angle(\textbf{e}_1, \textbf{e}_2) = 120^{\circ},~ \angle(\textbf{e}_1, \textbf{e}_3) = 45^{\circ},~\angle(\textbf{e}_2, \textbf{e}_3) = 135^{\circ}. $ Вычислить объем параллелепипеда, построенного на векторах, имеющих в этом базисе координаты $(-1,0,2),~ (1,1,3),~(2,-1,1).$ Ответ сократи (используя правила математического округления) до трех знаков после точки",[7.071]
Найти $ \displaystyle \lim_{x \rightarrow 0} (\operatorname{tg}x - x)/(\sin x-x).$ Ответ сократи (используя правила математического округления) до трех знаков после точки,[-2.000]
В арифметическом пространстве со стандартным скалярным произведением найти скалярное произведение $ \begin{pmatrix} 1 & 1 & 1&1 \end{pmatrix}^{T} $ и $ \begin{pmatrix} 1 & 2 & 5 & 8 \end{pmatrix}^{T}.$,[16]
"Каждый из трех котов спит в одной из трех коробок. Найти вероятность того, что все коты будут спать в одной коробке, если они выбирают каждую коробку равновероятно и независимо друг от друга. Ответ сократи (используя правила математического округления) до трех знаков после точки",[0.111]
"На шахматную доску наугад ставятся два короля – черный и белый, в разные клетки. Какова вероятность, что при этом получится допустимая позиция? Недопустимой считается позиция, когда короли стоят в соседних (в том числе и по диагонали) клетках. Ответ представь в виде несокращаемой простой дроби",[43/48]
"Вероятности правильного определения химического состава продукта для каждого из 3 контролеров равны 4/5, 3/4, 2/3. При одновременном контроле 3 проб тремя контролерами химический состав оказался правильно определенным для 2 проб (что подтвердилось на окончательной проверке в лаборатории). Найти вероятность того, что ошибся третий контролер. Ответ сократи (используя правила математического округления) до двух знаков после точки",[0.46]
Найти $ \displaystyle \lim_{x \rightarrow +\infty} x^{7/4}(\sqrt[4]{x+1}+\sqrt[4]{x-1}-2\sqrt[4]{x}).$ Ответ представь в виде несокращаемой простой дроби,[-3/16]
"Рассмотрим область $A$, ограниченную на отрезке $x \in [0; 1]$ кривыми \begin{align*} y = \sqrt{x}, \ \ y = x. \end{align*} Найди объем тела, полученного вращением области $A$ вокруг оси $OX$. Ответ сократи (используя правила математического округления) до трех знаков после точки",[0.524]
Найти $ \displaystyle \lim_{x \rightarrow 2} (8-2x^2)/(x^2+4x-12).$Ответ сократи (используя правила математического округления) до трех знаков после точки,[-1.000]
Найти $ \displaystyle \lim_{x \rightarrow 0} (\ln(1+\sin(2x))/\sin(3x).$. Ответ представь в виде несокращаемой простой дроби,[2/3]
Найти расстояние между параллельными плоскостями $ 3x+ 4z +1=0 $ и $ 6x+8z - 1=0.$ Ответ представь в виде несокращаемой простой дроби,[3/10]
"Найти объем тела, ограниченного поверхностями, полученными при вращении отрезков следующих линий: $ y =e^{-x},~y=0~ (0\leq x < +\infty) $ вокруг оси $ Ox.$ Ответ сократи (используя правила математического округления) до трех знаков после точки",[1.571]
"Найти площадь фигуры, ограниченной кривыми, заданными в прямоугольных координатах (все параметры считать положительными): $ y = 2^x,~ y=2~, x=0.$ Ответ сократи (используя правила математического округления) до трех знаков после точки",[0.557]
"Радиосообщение может быть передано днем (с вероятностью 3/4 ),либо ночью (с вероятностью 1/ 4 ). Из-за помех вероятность его успешного приема составляет днем 60$\%$, а ночью 80$\%$. Найти вероятность, что сообщение будет принято. Ответ сократи (используя правила математического округления) до двух знаков после точки",[0.65]
"Три гимнаста стоят друг на друге. Вероятность падения нижнего составляет 0,08, второго – 0,5, третьего – 0,31. Найти вероятность того, что трюк не удастся. Ответ сократи (используя правила математического округления) до четырех знаков после точки",[0.6826]
"Найти объем тела, ограниченного поверхностями, полученными при вращении отрезков следующих линий: $ y =\sin x,~y=0~ (0\leq x \leq \pi) $ вокруг оси $ Ox.$ Ответ сократи (используя правила математического округления) до трех знаков после точки",[4.935]
Найти $ \displaystyle \lim_{x \rightarrow 0} (\sqrt{1+x+x^2}-1)/(3x).$ Ответ представь в виде несокращаемой простой дроби,[1/6]
Найти $ \displaystyle \lim_{x \rightarrow 1} (x^3-1)/\ln x.$Ответ сократи (используя правила математического округления) до трех знаков после точки,[3.000]
"Вычисли $ \displaystyle \int_{-3}^{1} 2x^2+3x-1 \, dx.$ Ответ представь в виде несокращаемой простой дроби",[8/3]
"В двух коробках находятся однотипные диоды. В первой – 20 шт., из них 2 неисправных; во второй – 10 шт., из них 4 неисправных. Наугад была выбрана коробка, а затем из нее наугад был выбран диод. Он оказался неисправным. Найти вероятность того, что он был взят из второй коробки. Ответ сократи (используя правила математического округления) до одного знака после точки",[0.8]
Вычислить собственные значения матрицы $ \begin{pmatrix} 1 & 0 & 3 \\ 2 & 1 & 2\\ 3 & 0 & 1 \end{pmatrix}.$,[4;1;-2]
Найти $ \displaystyle \lim_{n \rightarrow \infty} (\sqrt[3]{n^2+n})/(n+2)$Ответ сократи (используя правила математического округления) до трех знаков после точки,[0.000]
"Вычисли $ \displaystyle \int_{0}^{1} x^{2}(1 + 2x^{3})^{5} \, dx.$ Ответ представь в виде несокращаемой простой дроби",[182/9]
"На базе находятся лампы, изготовленные на двух заводах. Из них 70$\%$ изготовлено на первом заводе, а 30$\%$ – на втором. Известно, что 90$\%$ ламп, изготовленных на первом заводе, соответствуют стандарту, а среди ламп, изготовленных на втором заводе, соответствуют стандарту лишь 80$\%$. Найти вероятность, что взятая наугад лампа с базы будет соответствовать стандарту. Ответ сократи (используя правила математического округления) до двух знаков после точки",[0.87]
В арифметическом пространстве со стандартным скалярным произведением найти скалярное произведение $ \begin{pmatrix} 1 & 2 & 1&4 \end{pmatrix}^{T} $ и $ \begin{pmatrix} 1 & -1 & 1 & 0 \end{pmatrix}^{T}.$,[0]
"Для сигнализации об аварии установлены два независимо работающих сигнализатора. Вероятность того, что при аварии сигнализатор сработает, равна 0,95 для первого сигнализатора и 0,9 для второго. Найти вероятность то- го, что при аварии сработает только один сигнализатор. Ответ сократи (используя правила математического округления) до двух знаков после точки",[0.14]
"Для каждого из трех друзей вероятности провала экзамена равны соответственно 0,01; 0,03; 0,1. Найти вероятность того, что только двое из них сдадут экзамен. Ответ сократи (используя правила математического округления) до трех знаков после точки",[0.131]
"Вычисли $ \displaystyle \int_{0}^{1} x(5-x) \, dx.$ Ответ представь в виде несокращаемой простой дроби",[13/6]
Найти $ \displaystyle \lim_{x \rightarrow 0} ((1+x)^x-1)/x^2.$ Ответ сократи (используя правила математического округления) до трех знаков после точки,[1.000]
"Найти расстояние от точки $ A(1, -2) $ до прямой, заданной уравнением $ 2x-3y+5=0.$ Ответ сократи (используя правила математического округления) до трех знаков после точки",[3.606]
Найти $ \displaystyle \lim_{x \rightarrow 0} (\ln(1+x)-x)/x^2.$ Ответ представь в виде несокращаемой простой дроби,[-1/2]
"Среднее время работы каждого из 3 независимых элементов, входящих в техническое устройство равно 750ч. Для безотказной работы устройства необходима безотказная работа хотя бы одного из трех этих элементов. Определить вероятность того, что устройство будет работать от 450 до 600ч, если время работы каждого из трех элементов независимо и распределено по показа- тельному закону. Ответ сократи (используя правила математического округления) до трех знаков после точки",[0.075]
"Вычисли $ \displaystyle \int_{1}^{5} 7/x \, dx.$ Ответ сократи (используя правила математического округления) до трех знаков после точки",[11.266]
Найти $ \displaystyle \lim_{x \rightarrow 0} (\sqrt{1+2\operatorname{tg}x} -e^x +x^2)/(\operatorname{arcsin}x -\sin x).$Ответ сократи (используя правила математического округления) до трех знаков после точки,[2.000]
"Найти объем тела, ограниченного поверхностями, полученными при вращении отрезков следующих линий: $ y =2x-x^2,~y=0 $ вокруг оси $ Oy.$ Ответ сократи (используя правила математического округления) до трех знаков после точки",[8.378]
Найти $ \displaystyle \lim_{n \rightarrow \infty} \sqrt[n]{(2n^3+1)/(3n^3-2)}.$Ответ сократи (используя правила математического округления) до трех знаков после точки,[1.000]
"Вычисли $ \displaystyle \int_{0}^{2} (x - 1)^{25} \, dx.$ Ответ сократи (используя правила математического округления) до трех знаков после точки",[0.000]
"В партии лампочек в среднем 4 брака. Найти вероятность, что среди наугад выбранных двух лампочек окажется хотя бы одна неисправная. Ответ сократи (используя правила математического округления) до четырех знаков после точки",[0.0784]
Бросаются две монеты. Случайная величина $ Х $ – число выпавших гербов. Найти математическое ожидание $ M[X].$ Ответ сократи (используя правила математического округления) до трех знаков после точки,[1.000]
Вычислить собственные значения матрицы $ \begin{pmatrix} -4 & 0 \\ 1 & 4 \end{pmatrix}.$,[4;-4]
Найти $ \displaystyle \lim_{x \rightarrow 1} (x^2+4x-5)/(x^2-1).$Ответ сократи (используя правила математического округления) до трех знаков после точки,[3.000]
"Два друга договорились о встрече между 16 и 17 часами дня. При- шедший первым ждет второго в течение 20 мин, а после уходит. Определить вероятность, что друзья встретятся. Ответ сократи (используя правила математического округления) до двух знаков после точки",[0.56]
"Устройство состоит из 1000 элементов, работающих независимо один от другого. Вероятность отказа любого элемента в течение времени T равна 0,002. Найти вероятность того, что за время T откажут ровно 3 элемента. Ответ сократи (используя правила математического округления) до двух знаков после точки",[0.18]
Решить уравнение в комплексной плоскости: $ z^2 + 2|z| = 1. Ответ сократи (используя правила математического округления) до трех знаков после точки$,[-i;-0.414;0.414;i]
Найти $ \displaystyle \lim_{x \rightarrow 0} (\operatorname{tg}x-\sin x)/x^3.$ Ответ представь в виде несокращаемой простой дроби,[1/2]
"Четыре шарика разбрасывают по 4 лункам. Шарик попадает в ту или иную лунку с одинаковой вероятностью, независимо друг от друга. Определить вероятность, что в каждой лунке окажется по одному шарику. Ответ представь в виде несокращаемой простой дроби",[3/32]
Вычислить собственные значения матрицы $ \begin{pmatrix} 25 & 60 \\ 60 & 144 \end{pmatrix}.$,[0;169]
"В прямоугольник 5×4 $\text{см}^2$ вписан круг радиусом 1,5 см. Какова вероятность того, что точка, случайным образом поставленная в прямоугольник, окажется внутри круга? Ответ сократи (используя правила математического округления) до трех знаков после точки",[0.353]
"Найти векторное произведение векторов $ \textbf{a} $ и $ \textbf{b}$, заданных своими координатами: $ \textbf{a}(2,-1,1),~ \textbf{b}(-4,2,-2).$",[0;0;0]
"Найти расстояние между точками $ A $ и $ B$, заданными своими координатами: $ A(-1,2),~ B(5,10).$ Ответ сократи (используя правила математического округления) до трех знаков после точки",[10.000]
"Вычислить $ f(A), $ если $ f(t)=t^2-2t+1,~ A = \begin{pmatrix} 1 & 1 \\ 1 & 1 \end{pmatrix}.$ \\Ответ в формате $ a_{11}; a_{12}; \dots; a_{1n}; a_{21}; a_{22}; \dots; a_{mn}.$",[1;0;0;1]
"Найти объем тела, ограниченного поверхностями, полученными при вращении отрезков следующих линий: $ y =2x-x^2,~y=0 $ вокруг оси $ Ox.$ Ответ сократи (используя правила математического округления) до трех знаков после точки",[3.351]
"Вычисли $ \displaystyle \int_{1}^{2} \frac{\ln x}{x^2} \, dx.$ Ответ сократи (используя правила математического округления) до трех знаков после точки",[0.153]
Найти матрицу $ X $ из уравнения $ \begin{pmatrix} 2 & 5 \\ 1 & 3 \end{pmatrix}X = \begin{pmatrix} 2 & 1 \\ 1 & 1 \end{pmatrix}.$ \\Ответ в формате $ a_{11}; a_{12}; \dots; a_{1n}; a_{21}; a_{22}; \dots; a_{mn}.$,[1;-2;0;1]
Необходимо выбрать в подарок 4 из 10 имеющихся различных книг. Сколькими способами можно это сделать?,[210]
Найти $ \displaystyle \lim_{n \rightarrow \infty} \sqrt[n]{3^n-2^n}.$Ответ сократи (используя правила математического округления) до трех знаков после точки,[3.000]
"Врач ставит верный диагноз с вероятностью 85$\%$. Найти вероятность того, что из 6 диагнозов верный будет поставлен большей части пациентов. Ответ сократи (используя правила математического округления) до четырех знаков после точки",[0.9527]
"Вычисли $ \displaystyle \int_{0}^{\sqrt{\pi}} x \cos(x^{2}) \, dx.$ Ответ сократи (используя правила математического округления) до трех знаков после точки",[0.000]
"На прямой $ 5x -y -4 = 0 $ найти точку, равноудаленную от точек $ A(1,0) $ и $ B(-2,1). $ В ответе указать координаты $ x_0, y_0, $ полученной точки.",[(3 | 11)]
Найти $ \displaystyle \lim_{x \rightarrow \infty} ((3x-4/(3x+2))^{(x+1)/3} .$ Ответ сократи (используя правила математического округления) до трех знаков после точки,[0.513]
"Найти объем тела, ограниченного поверхностями, полученными при вращении отрезков следующих линий: $ y =e^{-x},~y=0~ (0\leq x < +\infty) $ вокруг оси $ Oy.$ Ответ сократи (используя правила математического округления) до трех знаков после точки",[6.283]
Найти вероятность отгадать пин-код телефона с первого раза если нем используются 4 строго возрастающие цифры. Ответ сократи (используя правила математического округления) до трех знаков после точки,[0.005]
"Найти векторное произведение векторов $ \textbf{a} $ и $ \textbf{b}$, заданных своими координатами: $ \textbf{a}(3,-1,2),~ \textbf{b}(2,-3,-5).$",[11;19;-7]
